-, привод отсутствует
Борзиг, Германия
Биффи, Италия

Биффи, Италия
Биффи, Италия
АЗТПА, Россия
Биффи, Италия
Биффи, Италия
Биффи, Италия
Биффи, Италия
Яргазарматура, Россия
Петролвалвес, Италия

Грове, Италия
Яргазарматура, Россия
Биттер, Германия
Перар, Италия

Перар, Италия
АЗТПА, Россия

Биттер, Германия
Борзиг, Германия
АЗТПА, Россия
Борзиг, Германия
Борзиг, Германия
АЗТПА, Россия
Борзиг, Германия
АЗТПА, Россия
АЗТПА, Россия
АЗТПА, Россия
АЗТПА, Россия
Seikmann Econosto, Германия
Seikmann Econosto, Германия
Seikmann Econosto, Германия
Seikmann Econosto, Германия
Биффи, Италия


Яргазарматура, Россия
Биттер, Германия

Биттер, Германия
Яргазарматура, Россия
Биттер, Германия
Биттер, Германия

Тяжпромарматура АО, Россия
Волгограднефтемаш, Россия
Яргазарматура, Россия
Яргазарматура, Россия
Тяжпромарматура АО, Россия
Яргазарматура, Россия
Яргазарматура, Россия
Волгограднефтемаш, Россия
Биффи, Италия
Яргазарматура, Россия
Яргазарматура, Россия
Тяжпромарматура АО, Россия
Волгограднефтемаш, Россия
Волгограднефтемаш, Россия
Яргазарматура, Россия
Биттер, Германия
Биттер, Германия
SIEMENS,Германия
Биффи, Италия
Борзиг, Германия
Петролвалвес, Италия
Биттер, Германия
Биттер, Германия
Seikmann Econosto, Германия
Энергоинвест АЗ, Югославия
Seikmann Econosto, Германия
АЗТПА, Россия
Яргазарматура, Россия
АЗТПА, Россия
Seikmann Econosto, Германия
Klose, Германия
Перар, Италия
Klose, Германия
Klose, Германия
Klose, Германия
Перар, Италия
Klose, Германия
Klose, Германия
Перар, Италия
Перар, Италия
Klose, Германия
Klose, Германия
Klose, Германия
Перар, Италия
Klose, Германия
Klose, Германия
Klose, Германия
Перар, Италия
Klose, Германия
Klose, Германия
Перар, Италия
Klose, Германия
Перар, Италия
Klose, Германия
Klose, Германия
Klose, Германия
Перар, Италия
Перар, Италия
Klose, Германия
Klose, Германия
Klose, Германия
Перар, Италия
Klose, Германия
Klose, Германия
Klose, Германия
Перар, Италия
Klose, Германия
Перар, Италия
Klose, Германия
Klose, Германия
Klose, Германия
Перар, Италия
Klose, Германия
Klose, Германия
Перар, Италия
Перар, Италия
Klose, Германия
Klose, Германия
MASTERGEAR, Англия
MASTERGEAR, Англия
Пензтяжпромарматура, Россия
MASTERGEAR, Англия
TK Valve Ltd, Шотландия
MASTERGEAR, Англия
MASTERGEAR, Англия
КВАРК,Россия
MASTERGEAR, Англия
MASTERGEAR, Англия
MASTERGEAR, Англия
TK Valve Ltd, Шотландия
TK Valve Ltd, Шотландия
MAXSEAL, Англия
MASTERGEAR, Англия
MASTERGEAR, Англия
TK Valve Ltd, Шотландия
MASTERGEAR, Англия
MASTERGEAR, Англия
MASTERGEAR, Англия
TK Valve Ltd, Шотландия
MASTERGEAR, Англия
Биттер, Германия
Перар, Италия
Омский завод транспортного машиностроения, Россия
Биттер, Германия
Борзиг, Германия
Перар, Италия
Перар, Италия
АЗТПА, Россия
Seikmann Econosto, Германия
Перар, Италия
Биттер, Германия
Биттер, Германия
Перар, Италия
Перар, Италия
Перар, Италия
Биттер, Германия
Биттер, Германия
Омский завод транспортного машиностроения, Россия
Перар, Италия
Борзиг, Германия
Биттер, Германия
Перар, Италия
Перар, Италия
Борзиг, Германия
Омский завод транспортного машиностроения, Россия
Перар, Италия
Биттер, Германия
Перар, Италия
Перар, Италия
Омский завод транспортного машиностроения, Россия
Биттер, Германия
Биттер, Германия
Перар, Италия
Борзиг, Германия
Перар, Италия
Биттер, Германия
Омский завод транспортного машиностроения, Россия
Биттер, Германия
Борзиг, Германия
Перар, Италия
Перар, Италия
Перар, Италия
Перар, Италия
Перар, Италия
Перар, Италия
Перар, Италия
Перар, Италия
Борзиг, Германия
Перар, Италия
Перар, Италия
Перар, Италия
Перар, Италия
Перар, Италия
Перар, Италия
АЗТПА, Россия
Перар, Италия
Перар, Италия
Перар, Италия
Борзиг, Германия
Перар, Италия
Перар, Италия
Перар, Италия
Перар, Италия
Борзиг, Германия
Перар, Италия
Перар, Италия
Перар, Италия
Перар, Италия
Перар, Италия
Перар, Италия
Перар, Италия
Перар, Италия
Борзиг, Германия
Перар, Италия
Перар, Италия
Перар, Италия
Перар, Италия
Перар, Италия
Перар, Италия
Перар, Италия
Перар, Италия
Перар, Италия
Борзиг, Германия
АЗТПА, Россия
АЗТПА, Россия
АЗТПА, Россия
АЗТПА, Россия
Самараволгомаш, Россия
АЗТПА, Россия
АЗТПА, Россия
АЗТПА, Россия
Волгограднефтемаш, Россия
Волгограднефтемаш, Россия
АЗТПА, Россия
АЗТПА, Россия
АЗТПА, Россия
АЗТПА, Россия
Дзержинскхиммаш, Россия
Дзержинскхиммаш, Россия
Днепротяжбуммаш, Украина
Сигма Дольни Бенешов, Чехия
Дзержинскхиммаш, Россия
Днепротяжбуммаш, Украина
Яргазарматура, Россия
АЗТПА, Россия
АЗТПА, Россия
АЗТПА, Россия
Благовещенский АЗ, Россия

АЗТПА, Россия
Seikmann Econosto, Германия
АЗТПА, Россия
Пензтяжпромарматура, Россия
Пензтяжпромарматура, Россия
АЗТПА, Россия
АЗТПА, Россия
АЗТПА, Россия
АЗТПА, Россия
АЗТПА, Россия
АЗТПА, Россия
АЗТПА, Россия
АЗТПА, Россия
АЗТПА, Россия


АЗТПА, Россия
АЗТПА, Россия
АЗТПА, Россия
АЗТПА, Россия
АЗТПА, Россия
АЗТПА, Россия
АЗТПА, Россия
АЗТПА, Россия
АЗТПА, Россия
АЗТПА, Россия
АЗТПА, Россия
АЗТПА, Россия
АЗТПА, Россия
АЗТПА, Россия
АЗТПА, Россия
АЗТПА, Россия
АЗТПА, Россия
АЗТПА, Россия
АЗТПА, Россия
АЗТПА, Россия
АЗТПА, Россия
АЗТПА, Россия
АЗТПА, Россия
АЗТПА, Россия
АЗТПА, Россия
АЗТПА, Россия
АЗТПА, Россия
АЗТПА, Россия
АЗТПА, Россия
АЗТПА, Россия
АЗТПА, Россия
АЗТПА, Россия
АЗТПА, Россия
АЗТПА, Россия
АЗТПА, Россия
АЗТПА, Россия
АЗТПА, Россия
АЗТПА, Россия
АЗТПА, Россия
АЗТПА, Россия
АЗТПА, Россия
АЗТПА, Россия
АЗТПА, Россия
АЗТПА, Россия
АЗТПА, Россия
АЗТПА, Россия
АЗТПА, Россия
АЗТПА, Россия
АЗТПА, Россия
АЗТПА, Россия
АЗТПА, Россия
АЗТПА, Россия
АЗТПА, Россия
АЗТПА, Россия
АЗТПА, Россия
АЗТПА, Россия
АЗТПА, Россия
АЗТПА, Россия
АЗТПА, Россия
АЗТПА, Россия
АЗТПА, Россия
АЗТПА, Россия
АЗТПА, Россия
АЗТПА, Россия
АЗТПА, Россия
АЗТПА, Россия
АЗТПА, Россия
АЗТПА, Россия
АЗТПА, Россия
АЗТПА, Россия
АЗТПА, Россия
АЗТПА, Россия
АЗТПА, Россия
АЗТПА, Россия
АЗТПА, Россия
АЗТПА, Россия
АЗТПА, Россия
АЗТПА, Россия
АЗТПА, Россия
АЗТПА, Россия
АЗТПА, Россия
АЗТПА, Россия
АЗТПА, Россия
АЗТПА, Россия
АЗТПА, Россия
АЗТПА, Россия
АЗТПА, Россия
АЗТПА, Россия
АЗТПА, Россия
АЗТПА, Россия
АЗТПА, Россия
АЗТПА, Россия
АЗТПА, Россия

Волгограднефтемаш, Россия
Волгограднефтемаш, Россия
Тяжпромарматура АО, Россия
Волгограднефтемаш, Россия
Волгограднефтемаш, Россия
Тяжпромарматура АО, Россия
Тяжпромарматура АО, Россия
Тяжпромарматура АО, Россия
Волгограднефтемаш, Россия
Тяжпромарматура АО, Россия
Тяжпромарматура АО, Россия

JSW, Япония
Ледиин, Италия
Борзиг, Германия
Борзиг, Германия
Пензтяжпромарматура, Россия
Борзиг, Германия
Борзиг, Германия
Биффи, Италия
Биффи, Италия
JSW, Япония
Биффи, Италия
Биффи, Италия
Биффи, Италия
АЗТПА, Россия
АЗТПА, Россия
АЗТПА, Россия
АЗТПА, Россия
АЗТПА, Россия
АЗТПА, Россия
АЗТПА, Россия
АЗТПА, Россия
АЗТПА, Россия
АЗТПА, Россия
Биффи, Италия
АЗТПА, Россия
Биффи, Италия
Волгограднефтемаш, Россия
АЗТПА, Россия
Волгограднефтемаш, Россия
Тяжпромарматура АО, Россия

Seikmann Econosto, Германия
Seikmann Econosto, Германия
Электрохимприбор, Россия
Seikmann Econosto, Германия
АЗТПА, Россия
Черрезе, Италия
Ледиин, Италия
Ледиин, Италия
Черрезе, Италия
АЗТПА, Россия
Ледиин, Италия
Seikmann Econosto, Германия
Восточная арматурная компания, Россия
Seikmann Econosto, Германия
Ледиин, Италия
Seikmann Econosto, Германия
Seikmann Econosto, Германия
Seikmann Econosto, Германия
Seikmann Econosto, Германия
Электрохимприбор, Россия
Саймата Сайкио, Япония
Ледиин, Италия
Черрезе, Италия
Ледиин, Италия
Идзуми Киндзоку, Япония
Черрезе, Италия
Ледиин, Италия
Seikmann Econosto, Германия
Seikmann Econosto, Германия
Саймата Сайкио, Япония
Ледиин, Италия
Seikmann Econosto, Германия
Seikmann Econosto, Германия
Seikmann Econosto, Германия
АЗТПА, Россия
Ледиин, Италия
Ледиин, Италия
Мальбранк, Франция
Seikmann Econosto, Германия
Черрезе, Италия
Seikmann Econosto, Германия
Ледиин, Италия
Шлюмберже, Франция
АЗТПА, Россия
Seikmann Econosto, Германия
Seikmann Econosto, Германия
Черрезе, Италия
Ледиин, Италия
Яргазарматура, Россия
Яргазарматура, Россия
АЗТПА, Россия
Яргазарматура, Россия
Яргазарматура, Россия
АЗТПА, Россия
Яргазарматура, Россия
Шлюмберже, Франция
Шлюмберже, Франция
АЗТПА, Россия
Яргазарматура, Россия
Яргазарматура, Россия
АЗТПА, Россия
Шлюмберже, Франция
Шлюмберже, Франция
Идзуми Киндзоку, Япония
Черрезе, Италия
Китц, Япония
Seikmann Econosto, Германия
Яргазарматура, Россия
Тяжпромарматура АО, Россия
Яргазарматура, Россия
JSW, Япония
Яргазарматура, Россия
Тяжпромарматура АО, Россия
Яргазарматура, Россия
Китц, Япония
Китц, Япония
Черрезе, Италия
Seikmann Econosto, Германия
Тяжпромарматура АО, Россия
Тяжпромарматура АО, Россия
АЗТПА, Россия
АЗТПА, Россия
АЗТПА, Россия
АЗТПА, Россия
АЗТПА, Россия
АЗТПА, Россия
АЗТПА, Россия
АЗТПА, Россия
АЗТПА, Россия
АЗТПА, Россия
АЗТПА, Россия
АЗТПА, Россия
Яргазарматура, Россия
OFC, Италия
Идзуми Киндзоку, Япония
Идзуми Киндзоку, Япония
Идзуми Киндзоку, Япония
Идзуми Киндзоку, Япония
Идзуми Киндзоку, Япония
Черновицкий МЗ, Украина
АЗТПА, Россия
Черновицкий МЗ, Украина
Черновицкий МЗ, Украина
Черновицкий МЗ, Украина
АЗТПА, Россия
Черновицкий МЗ, Украина
Черновицкий МЗ, Украина
АЗТПА, Россия
АЗТПА, Россия
Черновицкий МЗ, Украина
Черновицкий МЗ, Украина
АЗТПА, Россия
Черновицкий МЗ, Украина
Черновицкий МЗ, Украина
Черновицкий МЗ, Украина
АЗТПА, Россия
Черновицкий МЗ, Украина
Черновицкий МЗ, Украина
АЗТПА, Россия
Черновицкий МЗ, Украина
Черновицкий МЗ, Украина
Черновицкий МЗ, Украина
АЗТПА, Россия
Черновицкий МЗ, Украина
АЗТПА, Россия
Черновицкий МЗ, Украина
Черновицкий МЗ, Украина
Черновицкий МЗ, Украина
АЗТПА, Россия
АЗТПА, Россия
Черновицкий МЗ, Украина
Черновицкий МЗ, Украина
АЗТПА, Россия
Черновицкий МЗ, Украина
Черновицкий МЗ, Украина

Тяжпромарматура АО, Россия
Тяжпромарматура АО, Россия
Тяжпромарматура АО, Россия
Волгограднефтемаш, Россия
Волгограднефтемаш, Россия
Яргазарматура, Россия
Яргазарматура, Россия
Яргазарматура, Россия
Яргазарматура, Россия
Яргазарматура, Россия
Волгограднефтемаш, Россия
Биффи, Италия

JSW, Япония
АЗТПА, Россия
АЗТПА, Россия
Пензтяжпромарматура, Россия
JSW, Япония
Биффи, Италия
Биффи, Италия
Биффи, Италия
Биффи, Италия
Биффи, Италия
АЗТПА, Россия
АЗТПА, Россия
АЗТПА, Россия
АЗТПА, Россия
АЗТПА, Россия
АЗТПА, Россия
АЗТПА, Россия
АЗТПА, Россия
АЗТПА, Россия
АЗТПА, Россия
АЗТПА, Россия
АЗТПА, Россия
АЗТПА, Россия
АЗТПА, Россия
Биффи, Италия
Волгограднефтемаш, Россия
Волгограднефтемаш, Россия
Тяжпромарматура АО, Россия
MSA, Чехия
MSA, Чехия
DKG East, Венгрия
MSA, Чехия
MSA, Чехия
Seikmann Econosto, Германия
MSA, Чехия
DKG East, Венгрия
АЗТПА, Россия
АЗТПА, Россия
Грове, Италия
MSA, Чехия
DKG East, Венгрия
MSA, Чехия
MSA, Чехия
MSA, Чехия
DKG East, Венгрия
MSA, Чехия
MSA, Чехия
MSA, Чехия
DKG East, Венгрия
MSA, Чехия
MSA, Чехия
Seikmann Econosto, Германия
MSA, Чехия
Seikmann Econosto, Германия
MSA, Чехия
MSA, Чехия
MSA, Чехия
Волгограднефтемаш, Россия
Сигма Дольни Бенешов, Чехия
MSA, Чехия
DKG East, Венгрия
MSA, Чехия
DKG East, Венгрия
MSA, Чехия
Ледиин, Италия
Грове, Италия
АЗТПА, Россия
Восточная арматурная компания, Россия
Ледиин, Италия
АЗТПА, Россия
АЗТПА, Россия
Ледиин, Италия
Ледиин, Италия
Грове, Италия
АЗТПА, Россия
Восточная арматурная компания, Россия
АЗТПА, Россия
АЗТПА, Россия
Ледиин, Италия
АЗТПА, Россия
АЗТПА, Россия
Восточная арматурная компания, Россия
Грове, Италия
Ледиин, Италия
АЗТПА, Россия
АЗТПА, Россия
Электрохимприбор, Россия
АЗТПА, Россия
Электрохимприбор, Россия
Ледиин, Италия
Saikyo Valve Co, LTD, Япония
Ледиин, Италия
Ледиин, Италия
Ледиин, Италия
Грове, Италия
Восточная арматурная компания, Россия
АЗТПА, Россия
Электрохимприбор, Россия
АЗТПА, Россия
Электрохимприбор, Россия
АЗТПА, Россия
Ледиин, Италия
Ледиин, Италия
АЗТПА, Россия
Восточная арматурная компания, Россия
АЗТПА, Россия
АЗТПА, Россия
АЗТПА, Россия
АЗТПА, Россия
АЗТПА, Россия
АЗТПА, Россия
АЗТПА, Россия
АЗТПА, Россия
АЗТПА, Россия
АЗТПА, Россия
АЗТПА, Россия
АЗТПА, Россия
Черрезе, Италия
Черрезе, Италия
АЗТПА, Россия
АЗТПА, Россия
АЗТПА, Россия
АЗТПА, Россия
АЗТПА, Россия
Черрезе, Италия
Черрезе, Италия
АЗТПА, Россия
АЗТПА, Россия
Черрезе, Италия
АЗТПА, Россия
Черрезе, Италия
АЗТПА, Россия
Черрезе, Италия
Черрезе, Италия
АЗТПА, Россия
АЗТПА, Россия
Черрезе, Италия
АЗТПА, Россия
Грове, Италия
OFC, Италия
OFC, Италия
OFC, Италия
JSW, Япония
OFC, Италия
Черрезе, Италия
Velan, Австрия
АЗТПА, Россия
Velan, Австрия
АЗТПА, Россия
АЗТПА, Россия
АЗТПА, Россия
АЗТПА, Россия
АЗТПА, Россия
АЗТПА, Россия
АЗТПА, Россия
АЗТПА, Россия
АЗТПА, Россия
Яргазарматура, Россия
Волгограднефтемаш, Россия
Яргазарматура, Россия
Волгограднефтемаш, Россия
Seikmann Econosto, Германия
Seikmann Econosto, Германия
Velan, Австрия
Seikmann Econosto, Германия
Velan, Австрия
АЗТПА, Россия
Биффи, Италия
Биффи, Италия
Дзержинскхиммаш, Россия
Биффи, Италия
Биффи, Италия
Биффи, Италия
АЗТПА, Россия
Яргазарматура, Россия
Яргазарматура, Россия
Seikmann Econosto, Германия
Яргазарматура, Россия
АЗТПА, Россия
Цимлянский машиностроительный завод, Россия
АЗТПА, Россия
АЗТПА, Россия
Пензтяжпромарматура, Россия
Пензтяжпромарматура, Россия
Пензтяжпромарматура, Россия
Пензтяжпромарматура, Россия
Волгограднефтемаш, Россия
Яргазарматура, Россия
Яргазарматура, Россия
Биффи, Италия
Черновицкий МЗ, Украина

Биффи, Италия


Яргазарматура, Россия
Яргазарматура, Россия
Яргазарматура, Россия
Яргазарматура, Россия
АЗТПА, Россия
Яргазарматура, Россия
Seikmann Econosto, Германия
АЗТПА, Россия
АЗТПА, Россия
Днепротяжбуммаш, Украина
Днепротяжбуммаш, Украина
Омский завод транспортного машиностроения, Россия
Яргазарматура, Россия
Омский завод транспортного машиностроения, Россия
Днепротяжбуммаш, Украина
АЗТПА, Россия
Петролвалвес, Италия
Днепротяжбуммаш, Украина
АЗТПА, Россия
Механик, Россия
АЗТПА, Россия
Seikmann Econosto, Германия
Днепротяжбуммаш, Украина
Омский завод транспортного машиностроения, Россия
Омский завод транспортного машиностроения, Россия
АЗТПА, Россия
Днепротяжбуммаш, Украина
АЗТПА, Россия
Яргазарматура, Россия
Днепротяжбуммаш, Украина
Днепротяжбуммаш, Украина
Днепротяжбуммаш, Украина
Благовещенский АЗ, Россия
Благовещенский АЗ, Россия
АЗТПА, Россия
Волгограднефтемаш, Россия
АЗТПА, Россия
Днепротяжбуммаш, Украина
Днепротяжбуммаш, Украина
Волгограднефтемаш, Россия
АЗТПА, Россия
АЗТПА, Россия
АЗТПА, Россия
Яргазарматура, Россия
Яргазарматура, Россия
Яргазарматура, Россия
Яргазарматура, Россия
АЗТПА, Россия
АЗТПА, Россия
Яргазарматура, Россия
Яргазарматура, Россия
Яргазарматура, Россия
Яргазарматура, Россия
АЗТПА, Россия
АЗТПА, Россия
АЗТПА, Россия
АЗТПА, Россия
АЗТПА, Россия
АЗТПА, Россия
АЗТПА, Россия
АЗТПА, Россия
АЗТПА, Россия
АЗТПА, Россия
АЗТПА, Россия
АЗТПА, Россия
АЗТПА, Россия
АЗТПА, Россия
АЗТПА, Россия
АЗТПА, Россия
АЗТПА, Россия
Тяжпромарматура АО, Россия
Тяжпромарматура АО, Россия
АЗТПА, Россия
АЗТПА, Россия
АЗТПА, Россия
АЗТПА, Россия
Тяжпромарматура АО, Россия
Тяжпромарматура АО, Россия
АЗТПА, Россия
АЗТПА, Россия
АЗТПА, Россия


АЗТПА, Россия
Яргазарматура, Россия
Яргазарматура, Россия
Ледиин, Италия
АЗТПА, Россия
Черновицкий МЗ, Украина
Черновицкий МЗ, Украина
АЗТПА, Россия
Черновицкий МЗ, Украина
АЗТПА, Россия
Черновицкий МЗ, Украина
Черновицкий МЗ, Украина
АЗТПА, Россия
Черновицкий МЗ, Украина
Черновицкий МЗ, Украина
АЗТПА, Россия
Ледиин, Италия
Черновицкий МЗ, Украина
Черновицкий МЗ, Украина
АЗТПА, Россия
Черновицкий МЗ, Украина
АЗТПА, Россия
Черновицкий МЗ, Украина
Черновицкий МЗ, Украина
Черновицкий МЗ, Украина
АЗТПА, Россия
Черновицкий МЗ, Украина
Черновицкий МЗ, Украина
АЗТПА, Россия
Черновицкий МЗ, Украина
Черновицкий МЗ, Украина
АЗТПА, Россия
Черновицкий МЗ, Украина
Черновицкий МЗ, Украина
АЗТПА, Россия
Черновицкий МЗ, Украина
АЗТПА, Россия
Черновицкий МЗ, Украина
Черновицкий МЗ, Украина

АЗТПА, Россия
АЗТПА, Россия
Биффи, Италия

Биффи, Италия
АЗТПА, Россия
АЗТПА, Россия
Дзержинскхиммаш, Россия
АЗТПА, Россия
Дзержинскхиммаш, Россия
Уралхиммаш, Россия
Дзержинскхиммаш, Россия
Уралхиммаш, Россия
Усть-Каменогорский АЗ, Казахстан
Усть-Каменогорский АЗ, Казахстан
Биффи, Италия
Усть-Каменогорский АЗ, Казахстан
Усть-Каменогорский АЗ, Казахстан
Усть-Каменогорский АЗ, Казахстан
Усть-Каменогорский АЗ, Казахстан
Усть-Каменогорский АЗ, Казахстан
Усть-Каменогорский АЗ, Казахстан
Усть-Каменогорский АЗ, Казахстан
Усть-Каменогорский АЗ, Казахстан
Усть-Каменогорский АЗ, Казахстан
Биффи, Италия
Усть-Каменогорский АЗ, Казахстан
Волгограднефтемаш, Россия
Волгограднефтемаш, Россия
Волгограднефтемаш, Россия
Биффи, Италия
Благовещенский АЗ, Россия
Усть-Каменогорский АЗ, Казахстан
АЗТПА, Россия
АЗТПА, Россия
АЗТПА, Россия
Днепротяжбуммаш, Украина
Днепротяжбуммаш, Украина
Яргазарматура, Россия
Благовещенский АЗ, Россия
Усть-Каменогорский АЗ, Казахстан
АЗТПА, Россия
Днепротяжбуммаш, Украина
АЗТПА, Россия
Днепротяжбуммаш, Украина
АЗТПА, Россия
Грове, Италия
Усть-Каменогорский АЗ, Казахстан
Яргазарматура, Россия
Благовещенский АЗ, Россия
Днепротяжбуммаш, Украина
Днепротяжбуммаш, Украина
Днепротяжбуммаш, Украина
Днепротяжбуммаш, Украина
АЗТПА, Россия
Усть-Каменогорский АЗ, Казахстан
Благовещенский АЗ, Россия
Яргазарматура, Россия
АЗТПА, Россия
Яргазарматура, Россия
Благовещенский АЗ, Россия
Усть-Каменогорский АЗ, Казахстан
АЗТПА, Россия
АЗТПА, Россия
Днепротяжбуммаш, Украина
Днепротяжбуммаш, Украина
Благовещенский АЗ, Россия
АЗТПА, Россия
Усть-Каменогорский АЗ, Казахстан
АЗТПА, Россия
АЗТПА, Россия
Днепротяжбуммаш, Украина
Днепротяжбуммаш, Украина
АЗТПА, Россия
АЗТПА, Россия
Черновицкий МЗ, Украина
Черновицкий МЗ, Украина
АЗТПА, Россия
Черновицкий МЗ, Украина
Черновицкий МЗ, Украина
АЗТПА, Россия
Черновицкий МЗ, Украина
АЗТПА, Россия
Черновицкий МЗ, Украина
АЗТПА, Россия
Черновицкий МЗ, Украина
Черновицкий МЗ, Украина
Черновицкий МЗ, Украина
АЗТПА, Россия
Черновицкий МЗ, Украина
Черновицкий МЗ, Украина
Черновицкий МЗ, Украина
АЗТПА, Россия
Черновицкий МЗ, Украина
АЗТПА, Россия
Черновицкий МЗ, Украина
АЗТПА, Россия
Черновицкий МЗ, Украина
Черновицкий МЗ, Украина
АЗТПА, Россия
Черновицкий МЗ, Украина
Черновицкий МЗ, Украина
Черновицкий МЗ, Украина
АЗТПА, Россия
Черновицкий МЗ, Украина
Черновицкий МЗ, Украина
Черновицкий МЗ, Украина
АЗТПА, Россия
АЗТПА, Россия
Черновицкий МЗ, Украина
Черновицкий МЗ, Украина
Пензтяжпромарматура, Россия
АЗТПА, Россия
Пензтяжпромарматура, Россия
Волгограднефтемаш, Россия
АЗТПА, Россия
АЗТПА, Россия
АЗТПА, Россия
Пензтяжпромарматура, Россия
АЗТПА, Россия
Seikmann Econosto, Германия
Seikmann Econosto, Германия
АЗТПА, Россия
АЗТПА, Россия
АЗТПА, Россия
Биффи, Италия
АЗТПА, Россия

Биффи, Италия


Биффи, Италия
АЗТПА, Россия
Биффи, Италия
Уралхиммаш, Россия
АЗТПА, Россия
Уралхиммаш, Россия
Биффи, Италия
Днепротяжбуммаш, Украина
АЗТПА, Россия
АЗТПА, Россия
АЗТПА, Россия
АЗТПА, Россия
Благовещенский АЗ, Россия
Днепротяжбуммаш, Украина
Днепротяжбуммаш, Украина
Днепротяжбуммаш, Украина
АЗТПА, Россия
АЗТПА, Россия
АЗТПА, Россия
АЗТПА, Россия
Благовещенский АЗ, Россия
Благовещенский АЗ, Россия
АЗТПА, Россия
АЗТПА, Россия
АЗТПА, Россия
АЗТПА, Россия
Днепротяжбуммаш, Украина
Днепротяжбуммаш, Украина
Благовещенский АЗ, Россия
АЗТПА, Россия
АЗТПА, Россия
АЗТПА, Россия
АЗТПА, Россия
Днепротяжбуммаш, Украина
Днепротяжбуммаш, Украина
АЗТПА, Россия
Благовещенский АЗ, Россия
АЗТПА, Россия
АЗТПА, Россия
АЗТПА, Россия
Днепротяжбуммаш, Украина
Днепротяжбуммаш, Украина
Днепротяжбуммаш, Украина
АЗТПА, Россия
АЗТПА, Россия
АЗТПА, Россия
АЗТПА, Россия
Благовещенский АЗ, Россия
Днепротяжбуммаш, Украина
АЗТПА, Россия
АЗТПА, Россия
Черновицкий МЗ, Украина
АЗТПА, Россия
Черновицкий МЗ, Украина
АЗТПА, Россия
Черновицкий МЗ, Украина
Черновицкий МЗ, Украина
Черновицкий МЗ, Украина
Черновицкий МЗ, Украина
АЗТПА, Россия
Черновицкий МЗ, Украина
Черновицкий МЗ, Украина
АЗТПА, Россия
АЗТПА, Россия
Черновицкий МЗ, Украина
Черновицкий МЗ, Украина
Черновицкий МЗ, Украина
Черновицкий МЗ, Украина
АЗТПА, Россия
Черновицкий МЗ, Украина
Черновицкий МЗ, Украина
АЗТПА, Россия
Черновицкий МЗ, Украина
АЗТПА, Россия
Черновицкий МЗ, Украина
АЗТПА, Россия
Черновицкий МЗ, Украина
Черновицкий МЗ, Украина
Черновицкий МЗ, Украина
АЗТПА, Россия
Черновицкий МЗ, Украина
Черновицкий МЗ, Украина
Черновицкий МЗ, Украина
АЗТПА, Россия
Черновицкий МЗ, Украина
АЗТПА, Россия
Черновицкий МЗ, Украина
АЗТПА, Россия
АЗТПА, Россия
Биффи, Италия


Яргазарматура, Россия
Волгограднефтемаш, Россия
Яргазарматура, Россия
Волгограднефтемаш, Россия
Яргазарматура, Россия
Биффи, Италия
Тяжпромарматура АО, Россия

Мальбранк, Франция
Китц, Япония
Усть-Каменогорский АЗ, Казахстан
Мальбранк, Франция
Мальбранк, Франция
Миргородский АЗ, Украина
Мальбранк, Франция
Тяжпромарматура АО, Россия
Усть-Каменогорский АЗ, Казахстан
Мальбранк, Франция
Миргородский АЗ, Украина
Мальбранк, Франция
Мальбранк, Франция
Яргазарматура, Россия
Китц, Япония

Цимлянский машиностроительный завод, Россия
Кобе Стил, Япония
АЗТПА, Россия
АЗТПА, Россия
Пензтяжпромарматура, Россия
Уралхиммаш, Россия
Дзержинскхиммаш, Россия
ЧКД Бланско, Чехия
Уралхиммаш, Россия
ЧКД Бланско, Чехия
Усть-Каменогорский АЗ, Казахстан
Усть-Каменогорский АЗ, Казахстан
Усть-Каменогорский АЗ, Казахстан
Усть-Каменогорский АЗ, Казахстан
Усть-Каменогорский АЗ, Казахстан
Биффи, Италия
Биффи, Италия
Цимлянский машиностроительный завод, Россия
Усть-Каменогорский АЗ, Казахстан
Усть-Каменогорский АЗ, Казахстан
Усть-Каменогорский АЗ, Казахстан
Биффи, Италия
Усть-Каменогорский АЗ, Казахстан
Усть-Каменогорский АЗ, Казахстан
Усть-Каменогорский АЗ, Казахстан
Усть-Каменогорский АЗ, Казахстан
Биффи, Италия
Boehmer, Германия
Грове, Италия
АЗТПА, Россия
АЗТПА, Россия
АЗТПА, Россия
АЗТПА, Россия
АЗТПА, Россия
Яргазарматура, Россия
Благовещенский АЗ, Россия
Яргазарматура, Россия
Яргазарматура, Россия
Ледиин, Италия
Ледиин, Италия
Яргазарматура, Россия
Благовещенский АЗ, Россия
Яргазарматура, Россия
Яргазарматура, Россия
Ледиин, Италия
Ледиин, Италия
АЗТПА, Россия
Ледиин, Италия
Ледиин, Италия
Яргазарматура, Россия
Яргазарматура, Россия
Благовещенский АЗ, Россия
АЗТПА, Россия
Яргазарматура, Россия
Яргазарматура, Россия
Благовещенский АЗ, Россия
Яргазарматура, Россия
Ледиин, Италия
Ледиин, Италия
Волгограднефтемаш, Россия
Яргазарматура, Россия
Яргазарматура, Россия
Ледиин, Италия
Благовещенский АЗ, Россия
Ледиин, Италия
Волгограднефтемаш, Россия
Яргазарматура, Россия
Яргазарматура, Россия
Ледиин, Италия
Ледиин, Италия
Благовещенский АЗ, Россия
Яргазарматура, Россия
Яргазарматура, Россия
Яргазарматура, Россия
АЗТПА, Россия
Благовещенский АЗ, Россия
Благовещенский АЗ, Россия
Благовещенский АЗ, Россия
Благовещенский АЗ, Россия
Усть-Каменогорский АЗ, Казахстан
Усть-Каменогорский АЗ, Казахстан
Усть-Каменогорский АЗ, Казахстан
Усть-Каменогорский АЗ, Казахстан
Усть-Каменогорский АЗ, Казахстан
Усть-Каменогорский АЗ, Казахстан
Усть-Каменогорский АЗ, Казахстан
АЗТПА, Россия
АЗТПА, Россия
Усть-Каменогорский АЗ, Казахстан
Икар, Россия
Икар, Россия
Мальбранк, Франция
АЗТПА, Россия
АЗТПА, Россия
АЗТПА, Россия
Мальбранк, Франция
АЗТПА, Россия
Seikmann Econosto, Германия
Seikmann Econosto, Германия
АЗТПА, Россия
Благовещенский АЗ, Россия
Благовещенский АЗ, Россия
Благовещенский АЗ, Россия
АЗТПА, Россия
АЗТПА, Россия
АЗТПА, Россия
АЗТПА, Россия
АЗТПА, Россия
АЗТПА, Россия
Благовещенский АЗ, Россия
Благовещенский АЗ, Россия
АЗТПА, Россия
АЗТПА, Россия
АЗТПА, Россия
АЗТПА, Россия
АЗТПА, Россия
АЗТПА, Россия
Благовещенский АЗ, Россия
АЗТПА, Россия
АЗТПА, Россия
Благовещенский АЗ, Россия
АЗТПА, Россия
Яргазарматура, Россия
Яргазарматура, Россия
Гирас, Россия
Гирас, Россия
Яргазарматура, Россия
Черновицкий МЗ, Украина
Черновицкий МЗ, Украина
Усть-Каменогорский АЗ, Казахстан
Усть-Каменогорский АЗ, Казахстан
Черновицкий МЗ, Украина
Черновицкий МЗ, Украина
Усть-Каменогорский АЗ, Казахстан
Черновицкий МЗ, Украина
Черновицкий МЗ, Украина
Черновицкий МЗ, Украина
Черновицкий МЗ, Украина
Усть-Каменогорский АЗ, Казахстан
Черновицкий МЗ, Украина
Усть-Каменогорский АЗ, Казахстан
Черновицкий МЗ, Украина
Черновицкий МЗ, Украина
Усть-Каменогорский АЗ, Казахстан
Черновицкий МЗ, Украина
Усть-Каменогорский АЗ, Казахстан
Черновицкий МЗ, Украина
Черновицкий МЗ, Украина
Усть-Каменогорский АЗ, Казахстан
Черновицкий МЗ, Украина
Черновицкий МЗ, Украина
Черновицкий МЗ, Украина
Усть-Каменогорский АЗ, Казахстан
Черновицкий МЗ, Украина
Черновицкий МЗ, Украина
Усть-Каменогорский АЗ, Казахстан
Черновицкий МЗ, Украина
Черновицкий МЗ, Украина
Черновицкий МЗ, Украина
Усть-Каменогорский АЗ, Казахстан
Черновицкий МЗ, Украина
Усть-Каменогорский АЗ, Казахстан
Черновицкий МЗ, Украина
Уралхиммаш, Россия
Уралхиммаш, Россия
АЗТПА, Россия
ЧКД Бланско, Чехия
Усть-Каменогорский АЗ, Казахстан
Усть-Каменогорский АЗ, Казахстан
Усть-Каменогорский АЗ, Казахстан
Усть-Каменогорский АЗ, Казахстан
Усть-Каменогорский АЗ, Казахстан
Усть-Каменогорский АЗ, Казахстан
Биффи, Италия
Усть-Каменогорский АЗ, Казахстан
Усть-Каменогорский АЗ, Казахстан
Биффи, Италия
Усть-Каменогорский АЗ, Казахстан
Усть-Каменогорский АЗ, Казахстан
Усть-Каменогорский АЗ, Казахстан
Усть-Каменогорский АЗ, Казахстан
Дзержинскхиммаш, Россия
Дзержинскхиммаш, Россия
Цимлянский машиностроительный завод, Россия
Биффи, Италия
АЗТПА, Россия
АЗТПА, Россия
Яргазарматура, Россия
Яргазарматура, Россия
Яргазарматура, Россия
Биффи, Италия
Мальбранк, Франция
Мальбранк, Франция
UPT, Австрия
Усть-Каменогорский АЗ, Казахстан
Мальбранк, Франция

UPT, Австрия
Усть-Каменогорский АЗ, Казахстан
Усть-Каменогорский АЗ, Казахстан
Усть-Каменогорский АЗ, Казахстан
Усть-Каменогорский АЗ, Казахстан
Мальбранк, Франция
Мальбранк, Франция
Миргородский АЗ, Украина
Усть-Каменогорский АЗ, Казахстан
Мальбранк, Франция
Усть-Каменогорский АЗ, Казахстан
Мальбранк, Франция
Мальбранк, Франция
Мальбранк, Франция
Мальбранк, Франция
Мальбранк, Франция
Мальбранк, Франция
Усть-Каменогорский АЗ, Казахстан
Усть-Каменогорский АЗ, Казахстан
Механик, Россия
Механик, Россия
Механик, Россия
Днепротяжбуммаш, Украина
Днепротяжбуммаш, Украина
Пензтяжпромарматура, Россия
ЧКД Бланско, Чехия
Днепротяжбуммаш, Украина



Биффи, Италия
Тяжпромарматура АО, Россия
Яргазарматура, Россия
Яргазарматура, Россия
Яргазарматура, Россия
Яргазарматура, Россия
Яргазарматура, Россия
Усть-Каменогорский АЗ, Казахстан
Усть-Каменогорский АЗ, Казахстан
Благовещенский АЗ, Россия
Тяжпромарматура АО, Россия
Усть-Каменогорский АЗ, Казахстан
СМНПО им.Фрунзе, Украина
СМНПО им.Фрунзе, Украина
СМНПО им.Фрунзе, Украина
Усть-Каменогорский АЗ, Казахстан
Тяжпромарматура АО, Россия
Благовещенский АЗ, Россия
Усть-Каменогорский АЗ, Казахстан
Усть-Каменогорский АЗ, Казахстан
СМНПО им.Фрунзе, Украина
Благовещенский АЗ, Россия
СМНПО им.Фрунзе, Украина
СМНПО им.Фрунзе, Украина
Усть-Каменогорский АЗ, Казахстан
Усть-Каменогорский АЗ, Казахстан
Усть-Каменогорский АЗ, Казахстан
Тяжпромарматура АО, Россия
Тяжпромарматура АО, Россия
Усть-Каменогорский АЗ, Казахстан
СМНПО им.Фрунзе, Украина
СМНПО им.Фрунзе, Украина
Благовещенский АЗ, Россия
Усть-Каменогорский АЗ, Казахстан
Усть-Каменогорский АЗ, Казахстан
Тяжпромарматура АО, Россия
СМНПО им.Фрунзе, Украина
СМНПО им.Фрунзе, Украина
Усть-Каменогорский АЗ, Казахстан
Усть-Каменогорский АЗ, Казахстан
Благовещенский АЗ, Россия
Усть-Каменогорский АЗ, Казахстан
СМНПО им.Фрунзе, Украина
Тяжпромарматура АО, Россия
Усть-Каменогорский АЗ, Казахстан
Усть-Каменогорский АЗ, Казахстан
Усть-Каменогорский АЗ, Казахстан
СМНПО им.Фрунзе, Украина
Благовещенский АЗ, Россия
Благовещенский АЗ, Россия
Благовещенский АЗ, Россия
Благовещенский АЗ, Россия
Благовещенский АЗ, Россия
Усть-Каменогорский АЗ, Казахстан
Усть-Каменогорский АЗ, Казахстан
Усть-Каменогорский АЗ, Казахстан
Усть-Каменогорский АЗ, Казахстан
Усть-Каменогорский АЗ, Казахстан
Усть-Каменогорский АЗ, Казахстан
Усть-Каменогорский АЗ, Казахстан
Пензтяжпромарматура, Россия
Тяжпромарматура АО, Россия
Икар, Россия
Seikmann Econosto, Германия
Икар, Россия
Seikmann Econosto, Германия
Тяжпромарматура АО, Россия
Мальбранк, Франция
Мальбранк, Франция
Тяжпромарматура АО, Россия
Тяжпромарматура АО, Россия
Тяжпромарматура АО, Россия
Тяжпромарматура АО, Россия
Тяжпромарматура АО, Россия
Благовещенский АЗ, Россия
Благовещенский АЗ, Россия


Благовещенский АЗ, Россия
Благовещенский АЗ, Россия
Гирас, Россия
Яргазарматура, Россия
Гирас, Россия
Яргазарматура, Россия
Яргазарматура, Россия
Благовещенский АЗ, Россия
Благовещенский АЗ, Россия
Благовещенский АЗ, Россия
Тяжпромарматура АО, Россия
Тяжпромарматура АО, Россия
Тяжпромарматура АО, Россия
Тяжпромарматура АО, Россия
Тяжпромарматура АО, Россия
Тяжпромарматура АО, Россия
Благовещенский АЗ, Россия
Яргазарматура, Россия
Яргазарматура, Россия
Тяжпромарматура АО, Россия
Тяжпромарматура АО, Россия
Тяжпромарматура АО, Россия
Тяжпромарматура АО, Россия
Тяжпромарматура АО, Россия
Тяжпромарматура АО, Россия
Тяжпромарматура АО, Россия
Пензтяжпромарматура, Россия
Усть-Каменогорский АЗ, Казахстан
Черновицкий МЗ, Украина
Черновицкий МЗ, Украина
Черновицкий МЗ, Украина
Усть-Каменогорский АЗ, Казахстан
Усть-Каменогорский АЗ, Казахстан
Черновицкий МЗ, Украина
Черновицкий МЗ, Украина
Усть-Каменогорский АЗ, Казахстан
Черновицкий МЗ, Украина
Черновицкий МЗ, Украина
Черновицкий МЗ, Украина
Черновицкий МЗ, Украина
Усть-Каменогорский АЗ, Казахстан
Пензтяжпромарматура, Россия
Черновицкий МЗ, Украина
Усть-Каменогорский АЗ, Казахстан
Усть-Каменогорский АЗ, Казахстан
Черновицкий МЗ, Украина
Черновицкий МЗ, Украина
Черновицкий МЗ, Украина
Черновицкий МЗ, Украина
Усть-Каменогорский АЗ, Казахстан
Черновицкий МЗ, Украина
Усть-Каменогорский АЗ, Казахстан
Черновицкий МЗ, Украина
Черновицкий МЗ, Украина
Усть-Каменогорский АЗ, Казахстан
Черновицкий МЗ, Украина
Усть-Каменогорский АЗ, Казахстан
Черновицкий МЗ, Украина
Черновицкий МЗ, Украина
Усть-Каменогорский АЗ, Казахстан
Черновицкий МЗ, Украина
Черновицкий МЗ, Украина
Яргазарматура, Россия
Днепротяжбуммаш, Украина
АЗТПА, Россия
АЗТПА, Россия

Биффи, Италия
Волгограднефтемаш, Россия
Волгограднефтемаш, Россия
Добиас и Ко, Австрия
АЗТПА, Россия
Днепротяжбуммаш, Украина
Биффи, Италия
Днепротяжбуммаш, Украина
ЧКД Бланско, Чехия
Дзержинскхиммаш, Россия
Дзержинскхиммаш, Россия
АЗТПА, Россия
АЗТПА, Россия
АЗТПА, Россия
АЗТПА, Россия
АЗТПА, Россия
АЗТПА, Россия
АЗТПА, Россия
АЗТПА, Россия
АЗТПА, Россия
Seikmann Econosto, Германия
Seikmann Econosto, Германия
АЗТПА, Россия
АЗТПА, Россия


Яргазарматура, Россия
АЗТПА, Россия
АЗТПА, Россия
Яргазарматура, Россия
Яргазарматура, Россия
АЗТПА, Россия
Сигма Дольни Бенешов, Чехия
Днепротяжбуммаш, Украина

Сигма Дольни Бенешов, Чехия
Сигма Дольни Бенешов, Чехия

Saikyo Valve Co, LTD, Япония
АЗТПА, Россия
АЗТПА, Россия

Яргазарматура, Россия
Усть-Каменогорский АЗ, Казахстан
Яргазарматура, Россия
Saikyo Valve Co, LTD, Япония
Яргазарматура, Россия

Яргазарматура, Россия
Добиас и Ко, Австрия
АЗТПА, Россия
Благовещенский АЗ, Россия
АЗТПА, Россия
АЗТПА, Россия
Добиас и Ко, Австрия
Добиас и Ко, Австрия
Благовещенский АЗ, Россия
Добиас и Ко, Австрия

Усть-Каменогорский АЗ, Казахстан
Усть-Каменогорский АЗ, Казахстан
Саймата Сайкио, Япония
АЗТПА, Россия
Усть-Каменогорский АЗ, Казахстан
АЗТПА, Россия
АЗТПА, Россия
Усть-Каменогорский АЗ, Казахстан
Усть-Каменогорский АЗ, Казахстан
АЗТПА, Россия
АЗТПА, Россия
АЗТПА, Россия
Усть-Каменогорский АЗ, Казахстан
Саймата Сайкио, Япония
АЗТПА, Россия
Усть-Каменогорский АЗ, Казахстан
АЗТПА, Россия
Саймата Сайкио, Япония
АЗТПА, Россия
АЗТПА, Россия
Усть-Каменогорский АЗ, Казахстан
АЗТПА, Россия
АЗТПА, Россия
Усть-Каменогорский АЗ, Казахстан
Усть-Каменогорский АЗ, Казахстан
Саймата Сайкио, Япония
АЗТПА, Россия
АЗТПА, Россия
Саймата Сайкио, Япония
Усть-Каменогорский АЗ, Казахстан
АЗТПА, Россия
АЗТПА, Россия
Усть-Каменогорский АЗ, Казахстан
АЗТПА, Россия
Усть-Каменогорский АЗ, Казахстан
Усть-Каменогорский АЗ, Казахстан
АЗТПА, Россия
АЗТПА, Россия
АЗТПА, Россия
Усть-Каменогорский АЗ, Казахстан
Усть-Каменогорский АЗ, Казахстан
Саймата Сайкио, Япония
Усть-Каменогорский АЗ, Казахстан
Черновицкий МЗ, Украина
Черновицкий МЗ, Украина
Усть-Каменогорский АЗ, Казахстан
Черновицкий МЗ, Украина
Черновицкий МЗ, Украина
Черновицкий МЗ, Украина
Черновицкий МЗ, Украина
Усть-Каменогорский АЗ, Казахстан
Черновицкий МЗ, Украина
Черновицкий МЗ, Украина
Усть-Каменогорский АЗ, Казахстан
Черновицкий МЗ, Украина
Усть-Каменогорский АЗ, Казахстан
Черновицкий МЗ, Украина
Черновицкий МЗ, Украина
Черновицкий МЗ, Украина
Усть-Каменогорский АЗ, Казахстан
Черновицкий МЗ, Украина
Черновицкий МЗ, Украина
Усть-Каменогорский АЗ, Казахстан
Усть-Каменогорский АЗ, Казахстан
Черновицкий МЗ, Украина
Черновицкий МЗ, Украина
Черновицкий МЗ, Украина
Черновицкий МЗ, Украина
Усть-Каменогорский АЗ, Казахстан
Черновицкий МЗ, Украина
Усть-Каменогорский АЗ, Казахстан
Черновицкий МЗ, Украина
Черновицкий МЗ, Украина
Усть-Каменогорский АЗ, Казахстан
Черновицкий МЗ, Украина
Черновицкий МЗ, Украина
Черновицкий МЗ, Украина
Усть-Каменогорский АЗ, Казахстан
Пензтяжпромарматура, Россия
АЗТПА, Россия
Пензтяжпромарматура, Россия

Днепротяжбуммаш, Украина
Днепротяжбуммаш, Украина
АЗТПА, Россия
АЗТПА, Россия
АЗТПА, Россия
АЗТПА, Россия
АЗТПА, Россия
Биффи, Италия
АЗТПА, Россия
АЗТПА, Россия

АЗТПА, Россия
АЗТПА, Россия
АЗТПА, Россия
АЗТПА, Россия
АЗТПА, Россия
АЗТПА, Россия
АЗТПА, Россия
АЗТПА, Россия
АЗТПА, Россия
Усть-Каменогорский АЗ, Казахстан
АЗТПА, Россия
АЗТПА, Россия
АЗТПА, Россия
АЗТПА, Россия
АЗТПА, Россия
Биффи, Италия

АЗТПА, Россия
Днепротяжбуммаш, Украина
АЗТПА, Россия

Днепротяжбуммаш, Украина


АЗТПА, Россия
АЗТПА, Россия
Сигма Дольни Бенешов, Чехия
АЗТПА, Россия
АЗТПА, Россия
Усть-Каменогорский АЗ, Казахстан
Усть-Каменогорский АЗ, Казахстан
Усть-Каменогорский АЗ, Казахстан
Усть-Каменогорский АЗ, Казахстан
Усть-Каменогорский АЗ, Казахстан
Усть-Каменогорский АЗ, Казахстан
Усть-Каменогорский АЗ, Казахстан
АЗТПА, Россия
Усть-Каменогорский АЗ, Казахстан
Минхиммаш, Россия
Пензтяжпромарматура, Россия
Минхиммаш, Россия
Seikmann Econosto, Германия
АЗТПА, Россия
АЗТПА, Россия
АЗТПА, Россия
АЗТПА, Россия

Пензтяжпромарматура, Россия
АЗТПА, Россия
АЗТПА, Россия
АЗТПА, Россия
Волгограднефтемаш, Россия
АЗТПА, Россия
АЗТПА, Россия
АЗТПА, Россия
АЗТПА, Россия
АЗТПА, Россия

АЗТПА, Россия
Днепротяжбуммаш, Украина
АЗТПА, Россия
Пензтяжпромарматура, Россия
АЗТПА, Россия
АЗТПА, Россия
АЗТПА, Россия
Усть-Каменогорский АЗ, Казахстан
АЗТПА, Россия
АЗТПА, Россия
АЗТПА, Россия
АЗТПА, Россия
АЗТПА, Россия

Пензтяжпромарматура, Россия

Биффи, Италия
АЗТПА, Россия
АЗТПА, Россия
АЗТПА, Россия
АЗТПА, Россия
АЗТПА, Россия
АЗТПА, Россия
АЗТПА, Россия
АЗТПА, Россия
АЗТПА, Россия
Волгограднефтемаш, Россия
Волгограднефтемаш, Россия
АЗТПА, Россия
АЗТПА, Россия

Моквелд, Голландия
АЗТПА, Россия
АЗТПА, Россия
Моквелд, Голландия
Биффи, Италия


Борзиг, Германия
АЗТПА, Россия
АЗТПА, Россия
Seikmann Econosto, Германия
Биффи, Италия
Грове, Италия
Черрезе, Италия
Биффи, Италия
АЗТПА, Россия
Биффи, Италия
АЗТПА, Россия
Волгограднефтемаш, Россия
АЗТПА, Россия


Волгограднефтемаш, Россия
АЗТПА, Россия
АЗТПА, Россия
АЗТПА, Россия
АЗТПА, Россия
Биффи, Италия
АЗТПА, Россия
АЗТПА, Россия
АЗТПА, Россия
АЗТПА, Россия
Перар, Италия
Электрохимприбор, Россия
Перар, Италия
Перар, Италия
Пензтяжпромарматура, Россия
Волгограднефтемаш, Россия
АЗТПА, Россия
АЗТПА, Россия
Волгограднефтемаш, Россия


Борзиг, Германия
Фишер, Германия
Борзиг, Германия
АЗТПА, Россия
TK Valve Ltd, Шотландия
TK Valve Ltd, Шотландия
TK Valve Ltd, Шотландия
TK Valve Ltd, Шотландия
TK Valve Ltd, Шотландия
TK Valve Ltd, Шотландия
Волгограднефтемаш, Россия
Пензтяжпромарматура, Россия
Волгограднефтемаш, Россия

АЗТПА, Россия
Днепротяжбуммаш, Украина
Днепротяжбуммаш, Украина
Днепротяжбуммаш, Украина
Днепротяжбуммаш, Украина
Биффи, Италия
АЗТПА, Россия
АЗТПА, Россия
АЗТПА, Россия
АЗТПА, Россия
АЗТПА, Россия
АЗТПА, Россия
АЗТПА, Россия

АЗТПА, Россия
АЗТПА, Россия
АЗТПА, Россия
АЗТПА, Россия
АЗТПА, Россия
АЗТПА, Россия
АЗТПА, Россия
АЗТПА, Россия
АЗТПА, Россия
АЗТПА, Россия
АЗТПА, Россия
АЗТПА, Россия
АЗТПА, Россия
АЗТПА, Россия
Усть-Каменогорский АЗ, Казахстан
АЗТПА, Россия


Днепротяжбуммаш, Украина
Днепротяжбуммаш, Украина
Днепротяжбуммаш, Украина
Днепротяжбуммаш, Украина
АЗТПА, Россия
Биффи, Италия
АЗТПА, Россия
АЗТПА, Россия
АЗТПА, Россия
АЗТПА, Россия
АЗТПА, Россия
АЗТПА, Россия
Волгограднефтемаш, Россия
Усть-Каменогорский АЗ, Казахстан
Биффи, Италия
АЗТПА, Россия
АЗТПА, Россия
АЗТПА, Россия
АЗТПА, Россия
АЗТПА, Россия
АЗТПА, Россия
Днепротяжбуммаш, Украина
Днепротяжбуммаш, Украина


АЗТПА, Россия
Сигма Дольни Бенешов, Чехия

АЗТПА, Россия
АЗТПА, Россия

АЗТПА, Россия
Усть-Каменогорский АЗ, Казахстан
АЗТПА, Россия
АЗТПА, Россия
Усть-Каменогорский АЗ, Казахстан
Усть-Каменогорский АЗ, Казахстан
Усть-Каменогорский АЗ, Казахстан
Усть-Каменогорский АЗ, Казахстан
Усть-Каменогорский АЗ, Казахстан
Усть-Каменогорский АЗ, Казахстан
Усть-Каменогорский АЗ, Казахстан
Волгограднефтемаш, Россия
Пензтяжпромарматура, Россия
Минхиммаш, Россия
Минхиммаш, Россия
Seikmann Econosto, Германия
АЗТПА, Россия
АЗТПА, Россия
АЗТПА, Россия
АЗТПА, Россия
Пензтяжпромарматура, Россия
Минхиммаш, Россия
АЗТПА, Россия
АЗТПА, Россия
АЗТПА, Россия
АЗТПА, Россия
Усть-Каменогорский АЗ, Казахстан
Минхиммаш, Россия

Днепротяжбуммаш, Украина
Днепротяжбуммаш, Украина

Сигма Дольни Бенешов, Чехия
АЗТПА, Россия
АЗТПА, Россия
АЗТПА, Россия
АЗТПА, Россия
АЗТПА, Россия
АЗТПА, Россия
АЗТПА, Россия

АЗТПА, Россия
АЗТПА, Россия
Волгограднефтемаш, Россия
Пензтяжпромарматура, Россия

АЗТПА, Россия
АЗТПА, Россия
АЗТПА, Россия
Волгограднефтемаш, Россия
Волгограднефтемаш, Россия
АЗТПА, Россия

Моквелд, Голландия
АЗТПА, Россия
АЗТПА, Россия
АЗТПА, Россия
АЗТПА, Россия
АЗТПА, Россия
АЗТПА, Россия
АЗТПА, Россия
АЗТПА, Россия
АЗТПА, Россия
АЗТПА, Россия
Грове, Италия
АЗТПА, Россия
АЗТПА, Россия
Биффи, Италия
АЗТПА, Россия
Моквелд, Голландия
Черрезе, Италия
Биффи, Италия
АЗТПА, Россия
АЗТПА, Россия
АЗТПА, Россия
Биффи, Италия


Борзиг, Германия
Борзиг, Германия
АЗТПА, Россия
АЗТПА, Россия
АЗТПА, Россия
Биффи, Италия
Грове, Италия
Биффи, Италия
АЗТПА, Россия
АЗТПА, Россия
АЗТПА, Россия
АЗТПА, Россия


АЗТПА, Россия
АЗТПА, Россия
Перар, Италия
TK Valve Ltd, Шотландия
Фишер, Германия
Борзиг, Германия

АЗТПА, Россия
Перар, Италия
Волгограднефтемаш, Россия
Волгограднефтемаш, Россия
Электрохимприбор, Россия
Перар, Италия
Яргазарматура, Россия
Перар, Италия
Волгограднефтемаш, Россия
Волгограднефтемаш, Россия
Пензтяжпромарматура, Россия
Волгограднефтемаш, Россия
Пензтяжпромарматура, Россия
TK Valve Ltd, Шотландия
TK Valve Ltd, Шотландия
TK Valve Ltd, Шотландия
TK Valve Ltd, Шотландия
TK Valve Ltd, Шотландия

АЗТПА, Россия
АЗТПА, Россия

Пензтяжпромарматура, Россия
Днепротяжбуммаш, Украина

АЗТПА, Россия
АЗТПА, Россия
АЗТПА, Россия
АЗТПА, Россия
АЗТПА, Россия
АЗТПА, Россия
АЗТПА, Россия
АЗТПА, Россия
Усть-Каменогорский АЗ, Казахстан
АЗТПА, Россия
АЗТПА, Россия
АЗТПА, Россия
АЗТПА, Россия
АЗТПА, Россия
АЗТПА, Россия
ЧКД Бланско, Чехия
Днепротяжбуммаш, Украина
Волгограднефтемаш, Россия


Биффи, Италия
АЗТПА, Россия
АЗТПА, Россия
АЗТПА, Россия
АЗТПА, Россия
АЗТПА, Россия
АЗТПА, Россия
АЗТПА, Россия
АЗТПА, Россия
АЗТПА, Россия
АЗТПА, Россия
АЗТПА, Россия
АЗТПА, Россия
АЗТПА, Россия
АЗТПА, Россия
Усть-Каменогорский АЗ, Казахстан
Биффи, Италия
Днепротяжбуммаш, Украина
Днепротяжбуммаш, Украина
АЗТПА, Россия
АЗТПА, Россия
АЗТПА, Россия

Усть-Каменогорский АЗ, Казахстан
Усть-Каменогорский АЗ, Казахстан
Усть-Каменогорский АЗ, Казахстан
Усть-Каменогорский АЗ, Казахстан
АЗТПА, Россия
АЗТПА, Россия
Усть-Каменогорский АЗ, Казахстан
Усть-Каменогорский АЗ, Казахстан
Усть-Каменогорский АЗ, Казахстан
Усть-Каменогорский АЗ, Казахстан
Минхиммаш, Россия
Пензтяжпромарматура, Россия
Минхиммаш, Россия
Seikmann Econosto, Германия
АЗТПА, Россия
Волгограднефтемаш, Россия
АЗТПА, Россия
АЗТПА, Россия

ЧКД Бланско, Чехия
АЗТПА, Россия
Днепротяжбуммаш, Украина
Днепротяжбуммаш, Украина

АЗТПА, Россия
АЗТПА, Россия
Усть-Каменогорский АЗ, Казахстан
Минхиммаш, Россия
Минхиммаш, Россия
Минхиммаш, Россия
Минхиммаш, Россия
Пензтяжпромарматура, Россия
Волгограднефтемаш, Россия


Усть-Каменогорский АЗ, Казахстан
Биффи, Италия
АЗТПА, Россия
АЗТПА, Россия
АЗТПА, Россия
АЗТПА, Россия
АЗТПА, Россия
АЗТПА, Россия
АЗТПА, Россия
Волгограднефтемаш, Россия
АЗТПА, Россия

Днепротяжбуммаш, Украина
АЗТПА, Россия
АЗТПА, Россия
АЗТПА, Россия
АЗТПА, Россия
АЗТПА, Россия
АЗТПА, Россия
Волгограднефтемаш, Россия
Волгограднефтемаш, Россия
АЗТПА, Россия
АЗТПА, Россия
АЗТПА, Россия

АЗТПА, Россия
АЗТПА, Россия
АЗТПА, Россия
Моквелд, Голландия
АЗТПА, Россия
АЗТПА, Россия
АЗТПА, Россия
АЗТПА, Россия
Днепротяжбуммаш, Украина
Днепротяжбуммаш, Украина
АЗТПА, Россия
АЗТПА, Россия


АЗТПА, Россия
АЗТПА, Россия
Биффи, Италия
АЗТПА, Россия
Грове, Италия
Пензтяжпромарматура, Россия
Волгограднефтемаш, Россия
АЗТПА, Россия
Пензтяжпромарматура, Россия
АЗТПА, Россия
Биффи, Италия


АЗТПА, Россия
Борзиг, Германия
АЗТПА, Россия
Моквелд, Голландия
Биффи, Италия
Биффи, Италия
Черрезе, Италия
АЗТПА, Россия
АЗТПА, Россия
АЗТПА, Россия
АЗТПА, Россия
АЗТПА, Россия
Биффи, Италия
АЗТПА, Россия
АЗТПА, Россия
АЗТПА, Россия


СМНПО им.Фрунзе, Украина
АЗТПА, Россия
АЗТПА, Россия
JSW, Япония
TK Valve Ltd, Шотландия

JSW, Япония
JSW, Япония
Фишер, Германия
Перар, Италия
Волгограднефтемаш, Россия
Перар, Италия
Перар, Италия
Перар, Италия
Перар, Италия
Перар, Италия
Волгограднефтемаш, Россия
Волгограднефтемаш, Россия
Волгограднефтемаш, Россия
TK Valve Ltd, Шотландия
Пензтяжпромарматура, Россия
TK Valve Ltd, Шотландия
TK Valve Ltd, Шотландия
TK Valve Ltd, Шотландия
Волгограднефтемаш, Россия
TK Valve Ltd, Шотландия

Днепротяжбуммаш, Украина
Днепротяжбуммаш, Украина
Днепротяжбуммаш, Украина
Днепротяжбуммаш, Украина


АЗТПА, Россия
Биффи, Италия
АЗТПА, Россия
АЗТПА, Россия
АЗТПА, Россия
АЗТПА, Россия
АЗТПА, Россия
АЗТПА, Россия
АЗТПА, Россия
Днепротяжбуммаш, Украина
Биффи, Италия


АЗТПА, Россия
Усть-Каменогорский АЗ, Казахстан
АЗТПА, Россия
АЗТПА, Россия
АЗТПА, Россия
АЗТПА, Россия
АЗТПА, Россия
АЗТПА, Россия
АЗТПА, Россия
АЗТПА, Россия
АЗТПА, Россия
АЗТПА, Россия
АЗТПА, Россия
АЗТПА, Россия
АЗТПА, Россия
АЗТПА, Россия
Днепротяжбуммаш, Украина
Биффи, Италия
Волгограднефтемаш, Россия
Днепротяжбуммаш, Украина


Биффи, Италия
АЗТПА, Россия
АЗТПА, Россия
Усть-Каменогорский АЗ, Казахстан
АЗТПА, Россия
АЗТПА, Россия
АЗТПА, Россия
АЗТПА, Россия
АЗТПА, Россия
АЗТПА, Россия
АЗТПА, Россия
АЗТПА, Россия
АЗТПА, Россия
АЗТПА, Россия
АЗТПА, Россия
АЗТПА, Россия
Днепротяжбуммаш, Украина

Волгограднефтемаш, Россия
АЗТПА, Россия

АЗТПА, Россия
АЗТПА, Россия
Усть-Каменогорский АЗ, Казахстан
Усть-Каменогорский АЗ, Казахстан
Усть-Каменогорский АЗ, Казахстан
Усть-Каменогорский АЗ, Казахстан
Усть-Каменогорский АЗ, Казахстан
АЗТПА, Россия
Усть-Каменогорский АЗ, Казахстан
Усть-Каменогорский АЗ, Казахстан
Усть-Каменогорский АЗ, Казахстан
Пензтяжпромарматура, Россия
Минхиммаш, Россия
Минхиммаш, Россия
Seikmann Econosto, Германия
АЗТПА, Россия
АЗТПА, Россия
АЗТПА, Россия
Пензтяжпромарматура, Россия
АЗТПА, Россия
Днепротяжбуммаш, Украина
АЗТПА, Россия

Сигма Дольни Бенешов, Чехия
Сигма Дольни Бенешов, Чехия

Усть-Каменогорский АЗ, Казахстан
Минхиммаш, Россия
Минхиммаш, Россия
АЗТПА, Россия
АЗТПА, Россия
Минхиммаш, Россия
Минхиммаш, Россия
Пензтяжпромарматура, Россия
Днепротяжбуммаш, Украина

АЗТПА, Россия
Усть-Каменогорский АЗ, Казахстан
АЗТПА, Россия
АЗТПА, Россия
АЗТПА, Россия
АЗТПА, Россия
АЗТПА, Россия
АЗТПА, Россия
АЗТПА, Россия
АЗТПА, Россия
АЗТПА, Россия

Днепротяжбуммаш, Украина
АЗТПА, Россия
АЗТПА, Россия
АЗТПА, Россия
АЗТПА, Россия
АЗТПА, Россия
АЗТПА, Россия
АЗТПА, Россия
Волгограднефтемаш, Россия
Волгограднефтемаш, Россия

Моквелд, Голландия
АЗТПА, Россия
АЗТПА, Россия
АЗТПА, Россия
АЗТПА, Россия
АЗТПА, Россия
Биффи, Италия
Грове, Италия
Волгограднефтемаш, Россия
АЗТПА, Россия
АЗТПА, Россия
АЗТПА, Россия
Биффи, Италия


Борзиг, Германия
АЗТПА, Россия
АЗТПА, Россия
Волгограднефтемаш, Россия
Моквелд, Голландия
Черрезе, Италия
Биффи, Италия
АЗТПА, Россия
АЗТПА, Россия
АЗТПА, Россия
Биффи, Италия
АЗТПА, Россия
АЗТПА, Россия
АЗТПА, Россия
АЗТПА, Россия
АЗТПА, Россия
АЗТПА, Россия
АЗТПА, Россия


АЗТПА, Россия

Волгограднефтемаш, Россия
Днепротяжбуммаш, Украина
Днепротяжбуммаш, Украина
Днепротяжбуммаш, Украина
Биффи, Италия
АЗТПА, Россия
АЗТПА, Россия
АЗТПА, Россия
АЗТПА, Россия
АЗТПА, Россия
АЗТПА, Россия
АЗТПА, Россия
АЗТПА, Россия

АЗТПА, Россия
АЗТПА, Россия
АЗТПА, Россия
АЗТПА, Россия
АЗТПА, Россия
АЗТПА, Россия
Биффи, Италия
АЗТПА, Россия
Усть-Каменогорский АЗ, Казахстан
АЗТПА, Россия
АЗТПА, Россия
АЗТПА, Россия
АЗТПА, Россия
АЗТПА, Россия
АЗТПА, Россия
АЗТПА, Россия


Днепротяжбуммаш, Украина
Днепротяжбуммаш, Украина
Биффи, Италия
Биффи, Италия
АЗТПА, Россия
АЗТПА, Россия
АЗТПА, Россия
АЗТПА, Россия
АЗТПА, Россия
АЗТПА, Россия
АЗТПА, Россия
АЗТПА, Россия
Усть-Каменогорский АЗ, Казахстан
АЗТПА, Россия
АЗТПА, Россия
АЗТПА, Россия
АЗТПА, Россия
АЗТПА, Россия
АЗТПА, Россия
Пензтяжпромарматура, Россия
Днепротяжбуммаш, Украина


Днепротяжбуммаш, Украина
Днепротяжбуммаш, Украина
АЗТПА, Россия

Моквелд, Голландия
Биффи, Италия
Борзиг, Германия

АЗТПА, Россия
АЗТПА, Россия
Биффи, Италия
Грове, Италия
Черрезе, Италия
АЗТПА, Россия
АЗТПА, Россия
АЗТПА, Россия
АЗТПА, Россия
Биффи, Италия
Биффи, Италия
АЗТПА, Россия
АЗТПА, Россия
Биффи, Италия
АЗТПА, Россия
АЗТПА, Россия
АЗТПА, Россия
АЗТПА, Россия
Биффи, Италия
АЗТПА, Россия
АЗТПА, Россия
АЗТПА, Россия
АЗТПА, Россия



Пензтяжпромарматура, Россия
Тяжпромарматура АО, Россия
Моквелд, Голландия
Биффи, Италия
Тяжпромарматура АО, Россия
АЗТПА, Россия
Грове, Италия
АЗТПА, Россия
АЗТПА, Россия

Борзиг, Германия
Борзиг, Германия
Биффи, Италия
Тяжпромарматура АО, Россия
АЗТПА, Россия
Биффи, Италия
АЗТПА, Россия
Биффи, Италия
Борзиг, Германия
АЗТПА, Россия
АЗТПА, Россия
АЗТПА, Россия
АЗТПА, Россия
АЗТПА, Россия


АЗТПА, Россия
АЗТПА, Россия
АЗТПА, Россия
Биффи, Италия
АЗТПА, Россия
АЗТПА, Россия
АЗТПА, Россия
АЗТПА, Россия
АЗТПА, Россия
АЗТПА, Россия
Seikmann Econosto, Германия
АЗТПА, Россия

Биффи, Италия

Борзиг, Германия
Моквелд, Голландия
Биффи, Италия
АЗТПА, Россия
Биффи, Италия
АЗТПА, Россия
АЗТПА, Россия
АЗТПА, Россия
АЗТПА, Россия
АЗТПА, Россия
АЗТПА, Россия


АЗТПА, Россия
АЗТПА, Россия
АЗТПА, Россия
